,tilenuma_c_U,depth1.csv,chan_status1.csv
,tilenuma_c11_U,depth2.csv,chan_status2.csv
,tilenumc_c_U,depth3.csv,chan_status3.csv
,tilenumc_c12_U,depth4.csv,chan_status4.csv
,tilen_c_U,depth5.csv,chan_status5.csv
,numa_iter_c_U,depth6.csv,chan_status6.csv
,numa_iter_c13_U,depth7.csv,chan_status7.csv
,numc_iter_c_U,depth8.csv,chan_status8.csv
,numc_iter_c14_U,depth9.csv,chan_status9.csv
,n_iter_c_U,depth10.csv,chan_status10.csv
,n_iter_c15_U,depth11.csv,chan_status11.csv
,a_buf_U,depth12.csv,chan_status12.csv
,tilenuma_c16_U,depth13.csv,chan_status13.csv
,tilen_c17_U,depth14.csv,chan_status14.csv
,numa_iter_c18_U,depth15.csv,chan_status15.csv
,n_iter_c19_U,depth16.csv,chan_status16.csv
,numc_iter_c20_U,depth17.csv,chan_status17.csv
,b_buf_U,depth18.csv,chan_status18.csv
,c_buf_U,depth19.csv,chan_status19.csv
,tilen_c21_U,depth20.csv,chan_status20.csv
,tilenumc_c22_U,depth21.csv,chan_status21.csv
,numa_iter_c23_U,depth22.csv,chan_status22.csv
,n_iter_c24_U,depth23.csv,chan_status23.csv
,numc_iter_c25_U,depth24.csv,chan_status24.csv
